{
    "drift_detected": true,
    "total_rows": 942,
    "split_point": 659,
    "reference_stats": {
        "temperature": {
            "count": 659.0,
            "mean": -0.5537192966320531,
            "std": 0.5583046358507353,
            "min": -1.515691709441233,
            "25%": -1.0363203484139318,
            "50%": -0.5564024189998572,
            "75%": -0.0741640784670987,
            "max": 0.4590179325249847
        },
        "vibration": {
            "count": 659.0,
            "mean": -0.3520808881648395,
            "std": 0.7861256497695286,
            "min": -1.4880288966241224,
            "25%": -1.141684748149598,
            "50%": -0.3589748233633661,
            "75%": 0.44656867330128786,
            "max": 0.8192610148921935
        }
    },
    "current_stats": {
        "temperature": {
            "count": 283.0,
            "mean": 1.289402885090187,
            "std": 0.4776626257260849,
            "min": 0.4658744933691184,
            "25%": 0.8761110696834462,
            "50%": 1.2872787401589765,
            "75%": 1.701644014064918,
            "max": 2.06033569411907
        },
        "vibration": {
            "count": 283.0,
            "mean": 0.819863269613531,
            "std": 0.9665399267827643,
            "min": -1.212479882415542,
            "25%": 0.10658717247342195,
            "50%": 0.8273917474883601,
            "75%": 1.5022763696186852,
            "max": 2.561375278002568
        }
    }
}